{"cameraMode":{"drawMode":0,"name":"Shaded","section":"Shading Mode"},"sceneLighting":true,"audioPlay":false,"sceneViewState":{"m_AlwaysRefresh":false,"showFog":true,"showSkybox":true,"showFlares":true,"showImageEffects":true,"showParticleSystems":true,"showVisualEffectGraphs":true,"m_FxEnabled":true},"in2DMode":false,"pivot":{"x":0.6290807723999023,"y":-2.730776071548462,"z":4.774411678314209},"rotation":{"x":0.22740879654884339,"y":0.18991754949092866,"z":-0.045269813388586047,"w":0.9540296196937561},"size":4.304851055145264,"orthographic":false}